{
  "users": [
    {
      "id": "c628",
      "username": "peter",
      "password": "1234",
      "isLogin": false,
      "favorites": [
        null
      ]
    },
    {
      "id": "dce3",
      "username": "jenny",
      "password": "1234",
      "isLogin": false,
      "favorites": [
        {
          "Title": "Annabelle",
          "Year": "2014",
          "Rated": "R",
          "Released": "03 Oct 2014",
          "Runtime": "99 min",
          "Genre": "Horror, Mystery, Thriller",
          "Director": "John R. Leonetti",
          "Writer": "Gary Dauberman",
          "Actors": "Ward Horton, Annabelle Wallis, Alfre Woodard",
          "Plot": "A couple begins to experience terrifying supernatural occurrences involving a vintage doll shortly after their home is invaded by satanic cultists.",
          "Language": "English",
          "Country": "United States",
          "Awards": "3 wins & 7 nominations total",
          "Poster": "https://m.media-amazon.com/images/M/MV5BNjkyMDU5ZWQtZDhkOC00ZWFjLWIyM2MtZWFhMDUzNjdlNzU2XkEyXkFqcGc@._V1_SX300.jpg",
          "Ratings": [
            {
              "Source": "Internet Movie Database",
              "Value": "5.5/10"
            },
            {
              "Source": "Rotten Tomatoes",
              "Value": "28%"
            },
            {
              "Source": "Metacritic",
              "Value": "37/100"
            }
          ],
          "Metascore": "37",
          "imdbRating": "5.5",
          "imdbVotes": "186,283",
          "imdbID": "tt3322940",
          "Type": "movie",
          "DVD": "N/A",
          "BoxOffice": "$84,284,252",
          "Production": "N/A",
          "Website": "N/A",
          "Response": "True"
        },
        {
          "Title": "American Horror Story",
          "Year": "2011–",
          "Rated": "TV-MA",
          "Released": "05 Oct 2011",
          "Runtime": "60 min",
          "Genre": "Drama, Horror, Sci-Fi",
          "Director": "N/A",
          "Writer": "Brad Falchuk, Ryan Murphy, Halley Feiffer",
          "Actors": "Lady Gaga, Kathy Bates, Angela Bassett",
          "Plot": "An anthology horror drama series centering on different characters and locations, showcasing different aspects of horror. Created and produced by Ryan Murphy and Brad Falchuk.",
          "Language": "English",
          "Country": "United States",
          "Awards": "Won 17 Primetime Emmys. 132 wins & 412 nominations total",
          "Poster": "https://m.media-amazon.com/images/M/MV5BNzJjZTg0ZmMtMTg0Ny00NzYxLWFjMWMtMWFiYmNkMTNjZGMyXkEyXkFqcGc@._V1_SX300.jpg",
          "Ratings": [
            {
              "Source": "Internet Movie Database",
              "Value": "7.9/10"
            }
          ],
          "Metascore": "N/A",
          "imdbRating": "7.9",
          "imdbVotes": "356,801",
          "imdbID": "tt1844624",
          "Type": "series",
          "totalSeasons": "13",
          "Response": "True"
        }
      ]
    },
    {
      "id": "b5b0",
      "username": "kety",
      "password": "1234",
      "isLogin": true,
      "favorites": [
        {
          "Title": "American Horror Story",
          "Year": "2011–",
          "Rated": "TV-MA",
          "Released": "05 Oct 2011",
          "Runtime": "60 min",
          "Genre": "Drama, Horror, Sci-Fi",
          "Director": "N/A",
          "Writer": "Brad Falchuk, Ryan Murphy, Halley Feiffer",
          "Actors": "Lady Gaga, Kathy Bates, Angela Bassett",
          "Plot": "An anthology horror drama series centering on different characters and locations, showcasing different aspects of horror. Created and produced by Ryan Murphy and Brad Falchuk.",
          "Language": "English",
          "Country": "United States",
          "Awards": "Won 17 Primetime Emmys. 132 wins & 412 nominations total",
          "Poster": "https://m.media-amazon.com/images/M/MV5BNzJjZTg0ZmMtMTg0Ny00NzYxLWFjMWMtMWFiYmNkMTNjZGMyXkEyXkFqcGc@._V1_SX300.jpg",
          "Ratings": [
            {
              "Source": "Internet Movie Database",
              "Value": "7.9/10"
            }
          ],
          "Metascore": "N/A",
          "imdbRating": "7.9",
          "imdbVotes": "356,801",
          "imdbID": "tt1844624",
          "Type": "series",
          "totalSeasons": "13",
          "Response": "True"
        }
      ]
    }
  ]
}