{
  "Search": [
    {
      "Title": "The Avengers",
      "Year": "2012",
      "imdbID": "tt0848228",
      "Type": "movie",
      "Poster": "https://m.media-amazon.com/images/M/MV5BNGE0YTVjNzUtNzJjOS00NGNlLTgxMzctZTY4YTE1Y2Y1ZTU4XkEyXkFqcGc@._V1_SX300.jpg"
    },
    {
      "Title": "Avengers: Endgame",
      "Year": "2019",
      "imdbID": "tt4154796",
      "Type": "movie",
      "Poster": "https://m.media-amazon.com/images/M/MV5BMTc5MDE2ODcwNV5BMl5BanBnXkFtZTgwMzI2NzQ2NzM@._V1_SX300.jpg"
    },
    {
      "Title": "Avengers: Infinity War",
      "Year": "2018",
      "imdbID": "tt4154756",
      "Type": "movie",
      "Poster": "https://m.media-amazon.com/images/M/MV5BMjMxNjY2MDU1OV5BMl5BanBnXkFtZTgwNzY1MTUwNTM@._V1_SX300.jpg"
    },
    {
      "Title": "Avengers: Age of Ultron",
      "Year": "2015",
      "imdbID": "tt2395427",
      "Type": "movie",
      "Poster": "https://m.media-amazon.com/images/M/MV5BODBhYTg1NGQtNGVmNS00ZTdiLThjYTYtZDFkNzRiNTZmNDZjXkEyXkFqcGc@._V1_SX300.jpg"
    },
    {
      "Title": "The Avengers",
      "Year": "1998",
      "imdbID": "tt0118661",
      "Type": "movie",
      "Poster": "https://m.media-amazon.com/images/M/MV5BZTA4ZmZlZWQtZDRlYS00ZWZhLTk0MzEtYjExMGIzMTBlZDNlXkEyXkFqcGc@._V1_SX300.jpg"
    },
    {
      "Title": "The Avengers: Earth's Mightiest Heroes",
      "Year": "2010–2024",
      "imdbID": "tt1626038",
      "Type": "series",
      "Poster": "https://m.media-amazon.com/images/M/MV5BY2NkYTNlMTQtZWVjNC00MTk4LTkzNGEtYjAyOTYxYWFjYTVkXkEyXkFqcGc@._V1_SX300.jpg"
    },
    {
      "Title": "Ultimate Avengers: The Movie",
      "Year": "2006",
      "imdbID": "tt0491703",
      "Type": "movie",
      "Poster": "https://m.media-amazon.com/images/M/MV5BMTYyMjk0NTMwMl5BMl5BanBnXkFtZTgwNzY0NjAwNzE@._V1_SX300.jpg"
    },
    {
      "Title": "The Avengers",
      "Year": "1961–1969",
      "imdbID": "tt0054518",
      "Type": "series",
      "Poster": "https://m.media-amazon.com/images/M/MV5BMDhhYWIxMzYtNTY2Zi00MTZiLWI2ZDUtYjNiNTY5YzA5MWNkXkEyXkFqcGc@._V1_SX300.jpg"
    },
    {
      "Title": "Avengers Assemble",
      "Year": "2012–2019",
      "imdbID": "tt2455546",
      "Type": "series",
      "Poster": "https://m.media-amazon.com/images/M/MV5BMTY0NTUyMDQwOV5BMl5BanBnXkFtZTgwNjAwMTA0MDE@._V1_SX300.jpg"
    },
    {
      "Title": "Ultimate Avengers II",
      "Year": "2006",
      "imdbID": "tt0803093",
      "Type": "movie",
      "Poster": "https://m.media-amazon.com/images/M/MV5BZjI3MTI5ZTYtZmNmNy00OGZmLTlhNWMtNjZiYmYzNDhlOGRkL2ltYWdlL2ltYWdlXkEyXkFqcGdeQXVyNTAyODkwOQ@@._V1_SX300.jpg"
    },
    {
      "Title": "The King of Comedy",
      "Year": "1982",
      "imdbID": "tt0085794",
      "Type": "movie",
      "Poster": "https://m.media-amazon.com/images/M/MV5BYTQxNGUwNmUtMDJhYy00ZjM1LWFjZjQtYmI5ZGY4YTZmZWQyXkEyXkFqcGc@._V1_SX300.jpg"
    },
    {
      "Title": "A Midsummer Night's Sex Comedy",
      "Year": "1982",
      "imdbID": "tt0084329",
      "Type": "movie",
      "Poster": "https://m.media-amazon.com/images/M/MV5BOTMxMTM0MTk3Nl5BMl5BanBnXkFtZTcwOTEyODI1NA@@._V1_SX300.jpg"
    },
    {
      "Title": "The Bugs Bunny/Looney Tunes Comedy Hour",
      "Year": "1985–1986",
      "imdbID": "tt0088491",
      "Type": "series",
      "Poster": "https://m.media-amazon.com/images/M/MV5BNWIxMGI0NjQtNjdjZi00ZDZlLWJhZmMtMTkwOTNmYmE0ZmI2XkEyXkFqcGc@._V1_SX300.jpg"
    },
    {
      "Title": "My Teen Romantic Comedy SNAFU",
      "Year": "2013–2023",
      "imdbID": "tt2703720",
      "Type": "series",
      "Poster": "https://m.media-amazon.com/images/M/MV5BNDE5NmZhN2ItNzU4YS00YTRlLWJlODYtMGQ1ZTQ2NTMxOTg2XkEyXkFqcGc@._V1_SX300.jpg"
    },
    {
      "Title": "Fear City: A Family-Style Comedy",
      "Year": "1994",
      "imdbID": "tt0109440",
      "Type": "movie",
      "Poster": "https://m.media-amazon.com/images/M/MV5BMGU1NDhjYzMtZDhhYS00YTJlLTllNDEtY2U2NmJhMTVlMzViXkEyXkFqcGc@._V1_SX300.jpg"
    },
    {
      "Title": "King of Comedy",
      "Year": "1999",
      "imdbID": "tt0188766",
      "Type": "movie",
      "Poster": "https://m.media-amazon.com/images/M/MV5BZGQ4MmNlMzctNTBkYS00Nzg5LWIxZjMtZDRjZWIwYjI2MjczXkEyXkFqcGc@._V1_SX300.jpg"
    },
    {
      "Title": "The Broken Hearts Club: A Romantic Comedy",
      "Year": "2000",
      "imdbID": "tt0222850",
      "Type": "movie",
      "Poster": "https://m.media-amazon.com/images/M/MV5BN2UxYTIxYTMtZTc2Yi00NDljLWJhMTctZGRmZjgxOWM2YWI5XkEyXkFqcGc@._V1_SX300.jpg"
    },
    {
      "Title": "The Comedy of Terrors",
      "Year": "1963",
      "imdbID": "tt0056943",
      "Type": "movie",
      "Poster": "https://m.media-amazon.com/images/M/MV5BNDlkNzNlYzUtZjU2Mi00MTkxLThlYzgtMzk0YWM5MWJiNjdkXkEyXkFqcGc@._V1_SX300.jpg"
    },
    {
      "Title": "Louis C.K.: Live at the Comedy Store",
      "Year": "2015",
      "imdbID": "tt4368814",
      "Type": "movie",
      "Poster": "https://m.media-amazon.com/images/M/MV5BYTZhYjRlMDktMGQ5OC00ZTAzLWI2YjUtMTU1NTFmNDRmOWRjXkEyXkFqcGc@._V1_SX300.jpg"
    },
    {
      "Title": "The Original Kings of Comedy",
      "Year": "2000",
      "imdbID": "tt0236388",
      "Type": "movie",
      "Poster": "https://m.media-amazon.com/images/M/MV5BOWQxY2Q5YzEtZDA5ZS00MWM1LThmYzEtYjQ0ZDhkOWUyZTVhXkEyXkFqcGc@._V1_SX300.jpg"
    },
    {
      "Title": "Last Action Hero",
      "Year": "1993",
      "imdbID": "tt0107362",
      "Type": "movie",
      "Poster": "https://m.media-amazon.com/images/M/MV5BZGU2NWQyY2ItY2JiZS00ZDJhLWI0NDQtNjMyNWU3MDA1NTgzXkEyXkFqcGc@._V1_SX300.jpg"
    },
    {
      "Title": "Back in Action",
      "Year": "2025",
      "imdbID": "tt21191806",
      "Type": "movie",
      "Poster": "https://m.media-amazon.com/images/M/MV5BMWQ4YWYxYTAtZTlhNC00Nzc3LWE3OWUtZjY5MThlNWNiYTBiXkEyXkFqcGc@._V1_SX300.jpg"
    },
    {
      "Title": "Looney Tunes: Back in Action",
      "Year": "2003",
      "imdbID": "tt0318155",
      "Type": "movie",
      "Poster": "https://m.media-amazon.com/images/M/MV5BNDU2NmU2YzktNWFlMC00MDk1LWFhZjQtYjUxZThiMjZhNjQ2XkEyXkFqcGc@._V1_SX300.jpg"
    },
    {
      "Title": "An Action Hero",
      "Year": "2022",
      "imdbID": "tt15600222",
      "Type": "movie",
      "Poster": "https://m.media-amazon.com/images/M/MV5BNWUzNzljNjMtYTdiZS00MWQ2LWFkZWItYTM0MzVmZGFhYzNjXkEyXkFqcGc@._V1_SX300.jpg"
    },
    {
      "Title": "A Civil Action",
      "Year": "1998",
      "imdbID": "tt0120633",
      "Type": "movie",
      "Poster": "https://m.media-amazon.com/images/M/MV5BMDgyNDNkYTMtYmU0NC00YjliLWFhNjgtMmFhOTQ1MmE4NzNmXkEyXkFqcGc@._V1_SX300.jpg"
    },
    {
      "Title": "Missing in Action",
      "Year": "1984",
      "imdbID": "tt0087727",
      "Type": "movie",
      "Poster": "https://m.media-amazon.com/images/M/MV5BZGE2NmNlODYtMzMyNS00YTM0LThlMzMtNjg1YTBhMTRkNjJhXkEyXkFqcGc@._V1_SX300.jpg"
    },
    {
      "Title": "Action Jackson",
      "Year": "1988",
      "imdbID": "tt0094612",
      "Type": "movie",
      "Poster": "https://m.media-amazon.com/images/M/MV5BMzY1N2NjMjYtM2U3OS00OTMzLTk4OGEtMWI1YjUwMWRjODQ1XkEyXkFqcGc@._V1_SX300.jpg"
    },
    {
      "Title": "Action Point",
      "Year": "2018",
      "imdbID": "tt6495770",
      "Type": "movie",
      "Poster": "https://m.media-amazon.com/images/M/MV5BMjEyMTU5MTk1N15BMl5BanBnXkFtZTgwMzIzMzczNTM@._V1_SX300.jpg"
    },
    {
      "Title": "321 Action",
      "Year": "2020",
      "imdbID": "tt13423846",
      "Type": "movie",
      "Poster": "https://m.media-amazon.com/images/M/MV5BODdlNmZiYmItYTkyZC00NDNhLWEzMDctZjJhMDNjZWJkNTRlXkEyXkFqcGc@._V1_SX300.jpg"
    },
    {
      "Title": "Missing in Action 2: The Beginning",
      "Year": "1985",
      "imdbID": "tt0089604",
      "Type": "movie",
      "Poster": "https://m.media-amazon.com/images/M/MV5BZjQwNjUxZjUtYmUxOS00YmRjLTljZTgtMTc0OTFlZDllZjM5XkEyXkFqcGc@._V1_SX300.jpg"
    }
    ,
    {
      "Title": "American Horror Story",
      "Year": "2011–",
      "imdbID": "tt1844624",
      "Type": "series",
      "Poster": "https://m.media-amazon.com/images/M/MV5BNzJjZTg0ZmMtMTg0Ny00NzYxLWFjMWMtMWFiYmNkMTNjZGMyXkEyXkFqcGc@._V1_SX300.jpg"
    },
    {
      "Title": "The Rocky Horror Picture Show",
      "Year": "1975",
      "imdbID": "tt0073629",
      "Type": "movie",
      "Poster": "https://m.media-amazon.com/images/M/MV5BOTg2YzY5ZGYtNDk1My00N2Q2LWFhN2YtZWU5YTkzODIyZGRmXkEyXkFqcGc@._V1_SX300.jpg"
    },
    {
      "Title": "The Amityville Horror",
      "Year": "2005",
      "imdbID": "tt0384806",
      "Type": "movie",
      "Poster": "https://m.media-amazon.com/images/M/MV5BMzc1Njc2NDc3NV5BMl5BanBnXkFtZTYwODYyNzI3._V1_SX300.jpg"
    },
    {
      "Title": "Nosferatu: A Symphony of Horror",
      "Year": "1922",
      "imdbID": "tt0013442",
      "Type": "movie",
      "Poster": "https://m.media-amazon.com/images/M/MV5BNDg1OTI1M2MtMTVlMS00ZjFhLTgyMTAtYjIzOWUwZTkyZWE5XkEyXkFqcGc@._V1_SX300.jpg"
    },
    {
      "Title": "The Amityville Horror",
      "Year": "1979",
      "imdbID": "tt0078767",
      "Type": "movie",
      "Poster": "https://m.media-amazon.com/images/M/MV5BNWRmOTdhMWEtYmExOC00Y2E5LTkwYjEtYTAwY2Q0MTU0MTBlXkEyXkFqcGc@._V1_SX300.jpg"
    },
    {
      "Title": "Horror of Dracula",
      "Year": "1958",
      "imdbID": "tt0051554",
      "Type": "movie",
      "Poster": "https://m.media-amazon.com/images/M/MV5BNTQxZTQxYjUtZDg0Zi00ZGE2LWJlMzQtYWJhMjM2MTJmYTI1XkEyXkFqcGc@._V1_SX300.jpg"
    },
    {
      "Title": "American Horror Stories",
      "Year": "2021–",
      "imdbID": "tt12306692",
      "Type": "series",
      "Poster": "https://m.media-amazon.com/images/M/MV5BZTY4NTQ0ZDMtMGM4ZS00YmYwLWFkYmUtYWFlZmUwMTA5MWMyXkEyXkFqcGc@._V1_SX300.jpg"
    },
    {
      "Title": "A Classic Horror Story",
      "Year": "2021",
      "imdbID": "tt12877640",
      "Type": "movie",
      "Poster": "https://m.media-amazon.com/images/M/MV5BYTg5ZDgxNDAtMzFkNS00M2UwLWI4N2EtOTczYjM0MjYwZDRjXkEyXkFqcGc@._V1_SX300.jpg"
    },
    {
      "Title": "Masters of Horror",
      "Year": "2005–2007",
      "imdbID": "tt0448190",
      "Type": "series",
      "Poster": "https://m.media-amazon.com/images/M/MV5BMjg4NTZmNDQtZTlhMC00NWI1LWE3ZGUtYzhjYWViNDJhOGYyXkEyXkFqcGc@._V1_SX300.jpg"
    },
    {
      "Title": "Horror Express",
      "Year": "1972",
      "imdbID": "tt0068713",
      "Type": "movie",
      "Poster": "https://m.media-amazon.com/images/M/MV5BMWY4MzczOWUtYTdlYS00MjNlLTg1ODEtYjkzOTY0MTNmZmEyXkEyXkFqcGc@._V1_SX300.jpg"
    }
  ],
  "totalResults": "170",
  "Response": "True"
}